evaluation_id,source_index,reaction_smiles,archived_condition,archived_condition_slots,candidate_condition,candidate_condition_slots
0,434104,C([O:3][C:4](=[O:19])[CH2:5][NH:6][C:7]([NH:9][C:10]1[CH:15]=[CH:14][C:13]([C:16](=[NH:18])[NH2:17])=[CH:12][CH:11]=1)=[O:8])C>>[C:16]([C:13]1[CH:12]=[CH:11][C:10]([NH:9][C:7](=[O:8])[NH:6][CH2:5][C:4]([OH:19])=[O:3])=[CH:15][CH:14]=1)(=[NH:17])[NH2:18],"CCO, [Na+].[OH-]","Solvent, Reagent",Cl,Solvent
1,413554,[OH:1][CH2:2][CH:3]([NH:14][C:15]([C:17]1[CH:18]=[C:19](I)[CH:20]=[C:21]2[C:26]=1[O:25][CH:24]([CH3:27])[CH:23]=[CH:22]2)=[O:16])[CH2:4][C:5]1[C:13]2[C:8](=[CH:9][CH:10]=[CH:11][CH:12]=2)[NH:7][CH:6]=1.[CH3:29][O:30][C:31]1[CH:32]=[C:33](B(O)O)[CH:34]=[C:35]([O:39][CH3:40])[C:36]=1[O:37][CH3:38]>>[OH:1][CH2:2][CH:3]([NH:14][C:15]([C:17]1[CH:18]=[C:19]([C:33]2[CH:34]=[C:35]([O:39][CH3:40])[C:36]([O:37][CH3:38])=[C:31]([O:30][CH3:29])[CH:32]=2)[CH:20]=[C:21]2[C:26]=1[O:25][CH:24]([CH3:27])[CH:23]=[CH:22]2)=[O:16])[CH2:4][C:5]1[C:13]2[C:8](=[CH:9][CH:10]=[CH:11][CH:12]=2)[NH:7][CH:6]=1,"Cc1ccccc1, CCO, O=C([O-])[O-].[Na+].[Na+]","Solvent, Solvent, Reagent","COCCOC, O=C([O-])[O-].[Na+].[Na+]","Solvent, Reagent"
2,336186,Cl[C:2]1[CH:7]=[CH:6][N:5]2[N:8]=[CH:9][C:10]([CH:11]=[O:12])=[C:4]2[N:3]=1.[Cl:13][C:14]1[CH:15]=[C:16]([OH:20])[CH:17]=[CH:18][CH:19]=1>>[Cl:13][C:14]1[CH:15]=[C:16]([CH:17]=[CH:18][CH:19]=1)[O:20][C:2]1[CH:7]=[CH:6][N:5]2[N:8]=[CH:9][C:10]([CH:11]=[O:12])=[C:4]2[N:3]=1,"CN(C)C=O, O=C([O-])[O-].[K+].[K+], O","Solvent, Reagent, Reagent","CN(C)C=O, [H-].[Na+]","Solvent, Reagent"
3,6275,[Br:1][CH:2]([F:16])[C:3]([F:15])([F:14])[O:4][C:5]1[CH:10]=[CH:9][C:8]([N+:11]([O-])=O)=[CH:7][CH:6]=1>>[Br:1][CH:2]([F:16])[C:3]([F:14])([F:15])[O:4][C:5]1[CH:10]=[CH:9][C:8]([NH2:11])=[CH:7][CH:6]=1,"[Pd], CCOC(C)=O","Catalyst, Solvent",CCO,Solvent
4,327572,[F:32][C:33]1[C:34]([C:40]2[CH:45]=[CH:44][C:43]([OH:46])=[CH:42][CH:41]=2)=[N:35][CH:36]=[C:37]([F:39])[CH:38]=1.O[CH2:48][CH:49]1[CH2:54][CH2:53][O:52][CH2:51][CH:50]1[NH:55][C:56](=[O:62])[O:57][C:58]([CH3:61])([CH3:60])[CH3:59]>>[F:32][C:33]1[C:34]([C:40]2[CH:45]=[CH:44][C:43]([O:46][CH2:48][CH:49]3[CH2:54][CH2:53][O:52][CH2:51][CH:50]3[NH:55][C:56](=[O:62])[O:57][C:58]([CH3:61])([CH3:60])[CH3:59])=[CH:42][CH:41]=2)=[N:35][CH:36]=[C:37]([F:39])[CH:38]=1,"CCCCP(CCCC)CCCC, O=C(N=NC(=O)N1CCCCC1)N1CCCCC1, [Na+].[OH-]","Reagent, Reagent, Reagent","C1CCOC1, CCCCP(CCCC)CCCC, O=C(N=NC(=O)N1CCCCC1)N1CCCCC1","Solvent, Reagent, Reagent"
5,299061,[N+:1]([C:4]1[CH:11]=[CH:10][CH:9]=[CH:8][C:5]=1[CH:6]=O)([O-:3])=[O:2].[C:12]([O:18][CH2:19][C:20]1[CH:25]=[CH:24][CH:23]=[CH:22][CH:21]=1)(=[O:17])[CH2:13][C:14]([CH3:16])=[O:15]>>[N+:1]([C:4]1[CH:11]=[CH:10][CH:9]=[CH:8][C:5]=1[CH:6]=[C:13]([C:14]([CH3:16])=[O:15])[C:12]([O:18][CH2:19][C:20]1[CH:25]=[CH:24][CH:23]=[CH:22][CH:21]=1)=[O:17])([O-:3])=[O:2],"c1ccccc1, C1CCNCC1","Solvent, Reagent","ClCCl, C1CCNCC1, CC(=O)O","Solvent, Reagent, Reagent"
6,75833,[CH3:1][O:2][C:3]1[CH:4]=[CH:5][C:6]([N+:14]([O-:16])=[O:15])=[C:7]([CH:13]=1)[O:8][CH2:9][CH:10]1[CH2:12][O:11]1.[Cl:17][C:18]1[CH:29]=[CH:28][C:21]([O:22][CH:23]2[CH2:27][CH2:26][NH:25][CH2:24]2)=[CH:20][CH:19]=1>>[Cl:17][C:18]1[CH:29]=[CH:28][C:21]([O:22][CH:23]2[CH2:27][CH2:26][N:25]([CH2:12][CH:10]([OH:11])[CH2:9][O:8][C:7]3[CH:13]=[C:3]([O:2][CH3:1])[CH:4]=[CH:5][C:6]=3[N+:14]([O-:16])=[O:15])[CH2:24]2)=[CH:20][CH:19]=1,None,,CCO,Solvent
7,47498,[C:1]([NH:8][CH2:9][CH2:10][CH2:11][NH2:12])([O:3][C:4]([CH3:7])([CH3:6])[CH3:5])=[O:2].[N+:13]([C:16]1[CH:17]=[C:18]([N:22]=[C:23]=[O:24])[CH:19]=[CH:20][CH:21]=1)([O-:15])=[O:14]>>[C:4]([O:3][C:1](=[O:2])[NH:8][CH2:9][CH2:10][CH2:11][NH:12][C:23]([NH:22][C:18]1[CH:19]=[CH:20][CH:21]=[C:16]([N+:13]([O-:15])=[O:14])[CH:17]=1)=[O:24])([CH3:5])([CH3:6])[CH3:7],CCO,Solvent,ClCCl,Solvent
8,63370,[Cl:1][C:2]1[CH:3]=[C:4]([CH:8]=[CH:9][N:10]=1)[C:5](Cl)=[O:6].[F:11][C:12]1[CH:17]=[CH:16][CH:15]=[CH:14][CH:13]=1>>[Cl:1][C:2]1[CH:3]=[C:4]([C:5](=[O:6])[C:15]2[CH:16]=[CH:17][C:12]([F:11])=[CH:13][CH:14]=2)[CH:8]=[CH:9][N:10]=1,"O, [Al+3].[Cl-].[Cl-].[Cl-], [Na+].[OH-]","Solvent, Reagent, Reagent",[Al+3].[Cl-].[Cl-].[Cl-],Reagent
9,167270,[CH2:1]([S:6][C:7]1[N:11]=[CH:10][NH:9][N:8]=1)[CH2:2][CH2:3][CH2:4][CH3:5].[CH2:12]([N:15]([CH2:19][CH:20]=[CH2:21])[C:16](Cl)=[O:17])[CH:13]=[CH2:14]>>[CH2:12]([N:15]([CH2:19][CH:20]=[CH2:21])[C:16]([N:9]1[CH:10]=[N:11][C:7]([S:6][CH2:1][CH2:2][CH2:3][CH2:4][CH3:5])=[N:8]1)=[O:17])[CH:13]=[CH2:14],"CCOCC, C1CCOC1, CCN(CC)CC","Solvent, Reagent, Reagent","CCN(CC)CC, C1CCOC1","Solvent, Reagent"
10,102004,Cl[CH2:2][CH2:3][CH2:4][N:5]1[CH:13]=[N:12][C:11]2[C:6]1=[N:7][C:8]([NH2:15])=[N:9][C:10]=2[Cl:14]>>[N:16]([CH2:2][CH2:3][CH2:4][N:5]1[CH:13]=[N:12][C:11]2[C:6]1=[N:7][C:8]([NH2:15])=[N:9][C:10]=2[Cl:14])=[N+:17]=[N-:18],"CS(C)=O, O","Solvent, Reagent","CN(C)C=O, O","Solvent, Reagent"
11,465640,Br[C:2]1[CH:3]=[C:4]2[C:9](=[CH:10][CH:11]=1)[N:8]=[CH:7][CH:6]=[CH:5]2.[CH3:17][C:18]1([CH3:34])[C:22]([CH3:24])([CH3:23])[O:21][B:20]([B:20]2[O:21][C:22]([CH3:24])([CH3:23])[C:18]([CH3:34])([CH3:17])[O:19]2)[O:19]1>>[CH3:17][C:18]1([CH3:34])[C:22]([CH3:24])([CH3:23])[O:21][B:20]([C:2]2[CH:3]=[C:4]3[C:9](=[CH:10][CH:11]=2)[N:8]=[CH:7][CH:6]=[CH:5]3)[O:19]1,"C1CCOC1, CC(=O)[O-].[K+]","Solvent, Reagent","C1COCCO1, CC(=O)[O-].[K+]","Solvent, Reagent"
12,134638,[CH3:1][C:2]1[N:3]=[C:4]([NH:10][CH3:11])[S:5][C:6]=1[C:7](=[O:9])[CH3:8].[Br:12]Br>>[Br:12][CH2:8][C:7]([C:6]1[S:5][C:4]([NH:10][CH3:11])=[N:3][C:2]=1[CH3:1])=[O:9],"CC(=O)O, ClCCl","Solvent, Solvent",CC(=O)O,Solvent
13,65298,[N:1]([CH:4]([CH3:8])[C:5]([OH:7])=[O:6])=[N+:2]=[N-:3].[CH3:9][CH2:10][CH2:11][N:12]([CH:20]1[CH2:30][C:24]2[CH:25]=[CH:26][CH:27]=[C:28]([OH:29])[C:23]=2[CH2:22][CH2:21]1)[CH2:13][CH2:14][C:15]1[S:19][CH:18]=[CH:17][CH:16]=1>>[CH3:9][CH2:10][CH2:11][N:12]([CH:20]1[CH2:30][C:24]2[CH:25]=[CH:26][CH:27]=[C:28]([OH:29])[C:23]=2[CH2:22][CH2:21]1)[CH2:13][CH2:14][C:15]1[S:19][CH:18]=[CH:17][CH:16]=1.[N:1]([CH:4]([CH3:8])[C:5]([O-:7])=[O:6])=[N+:2]=[N-:3],"CN(C)c1ccncc1, ClCCl, C(=NC1CCCCC1)=NC1CCCCC1","Catalyst, Solvent, Reagent","ClCCl, C(=NC1CCCCC1)=NC1CCCCC1","Solvent, Reagent"
14,285019,[Br:8][C:9]1[CH:14]=[CH:13][C:12]([N+:15]([O-:17])=[O:16])=[C:11](F)[CH:10]=1.[CH3:19][CH:20]([NH2:27])[C:21]1[CH:26]=[CH:25][CH:24]=[CH:23][CH:22]=1>>[Br:8][C:9]1[CH:14]=[CH:13][C:12]([N+:15]([O-:17])=[O:16])=[C:11]([CH:10]=1)[NH:27][CH:20]([C:21]1[CH:26]=[CH:25][CH:24]=[CH:23][CH:22]=1)[CH3:19],"CCO, CCN(CC)CC","Solvent, Reagent","CCCCO, CCN(C(C)C)C(C)C","Solvent, Reagent"
15,5207,[C:1]([O:5][C:6]([N:8]1[CH2:13][CH2:12][N:11]([C:14]2[CH:19]=[CH:18][C:17]([N+:20]([O-])=O)=[CH:16][CH:15]=2)[CH2:10][CH2:9]1)=[O:7])([CH3:4])([CH3:3])[CH3:2]>>[C:1]([O:5][C:6]([N:8]1[CH2:13][CH2:12][N:11]([C:14]2[CH:15]=[CH:16][C:17]([NH2:20])=[CH:18][CH:19]=2)[CH2:10][CH2:9]1)=[O:7])([CH3:4])([CH3:2])[CH3:3],"[Pd], CCOC(C)=O, CCO","Catalyst, Solvent, Reagent","[Pd], CCO","Catalyst, Solvent"
16,37935,[CH:1]([C:5]1[CH:10]=[CH:9][C:8]([N:11]2[C:16](=[O:17])[C:15]3[CH:18]=[N:19][CH:20]=[CH:21][C:14]=3[N:13]=[C:12]2[C:22]2[CH:27]=[C:26]([CH3:28])[C:25]([O:29]C(=O)C)=[C:24]([CH3:33])[CH:23]=2)=[CH:7][CH:6]=1)([CH2:3][CH3:4])[CH3:2]>>[CH:1]([C:5]1[CH:10]=[CH:9][C:8]([N:11]2[C:16](=[O:17])[C:15]3[CH:18]=[N:19][CH:20]=[CH:21][C:14]=3[N:13]=[C:12]2[C:22]2[CH:27]=[C:26]([CH3:28])[C:25]([OH:29])=[C:24]([CH3:33])[CH:23]=2)=[CH:7][CH:6]=1)([CH2:3][CH3:4])[CH3:2],"CO, O=C([O-])[O-].[K+].[K+]","Solvent, Reagent",CO,Solvent
17,247099,Cl[C:4]1[CH:9]=[N:8][CH:7]=[C:6]([Cl:10])[N:5]=1.[CH3:11][O:12][C:13]1[CH:18]=[CH:17][C:16]([CH2:19][OH:20])=[CH:15][CH:14]=1>>[Cl:10][C:6]1[CH:7]=[N:8][CH:9]=[C:4]([O:20][CH2:19][C:16]2[CH:17]=[CH:18][C:13]([O:12][CH3:11])=[CH:14][CH:15]=2)[N:5]=1,"CN(C)C=O, [H-].[Na+]","Solvent, Reagent",[H-].[Na+],Reagent
18,37783,C([O:4][C:5]1[CH:10]=[CH:9][CH:8]=[C:7]([NH:11][C:12]([N:14]2[CH2:19][CH2:18][CH:17]([O:20][C:21]3[CH:26]=[CH:25][C:24]([O:27][CH2:28][C:29]4[CH:34]=[CH:33][CH:32]=[C:31]([F:35])[CH:30]=4)=[CH:23][CH:22]=3)[CH2:16][CH2:15]2)=[O:13])[CH:6]=1)(=O)C>>[F:35][C:31]1[CH:30]=[C:29]([CH:34]=[CH:33][CH:32]=1)[CH2:28][O:27][C:24]1[CH:23]=[CH:22][C:21]([O:20][CH:17]2[CH2:18][CH2:19][N:14]([C:12]([NH:11][C:7]3[CH:8]=[CH:9][CH:10]=[C:5]([OH:4])[CH:6]=3)=[O:13])[CH2:15][CH2:16]2)=[CH:26][CH:25]=1,"CO, Cl, [Na+].[OH-]","Solvent, Reagent, Reagent","CO, O=C([O-])[O-].[K+].[K+]","Solvent, Reagent"
19,357093,[NH2:1][C:2]1[C:3]([NH:22]C(=O)OC(C)(C)C)=[CH:4][C:5]2[O:9][N:8]=[C:7]([N:10]3[C:18](=[O:19])[C:17]4[C:12](=[CH:13][CH:14]=[CH:15][CH:16]=4)[C:11]3=[O:20])[C:6]=2[CH:21]=1>>[NH2:1][C:2]1[C:3]([NH2:22])=[CH:4][C:5]2[O:9][N:8]=[C:7]([N:10]3[C:11](=[O:20])[C:12]4[C:17](=[CH:16][CH:15]=[CH:14][CH:13]=4)[C:18]3=[O:19])[C:6]=2[CH:21]=1,"C1COCCO1, Cl, ClCCl","Solvent, Reagent, Reagent","ClCCl, O=C(O)C(F)(F)F","Solvent, Reagent"
20,546910,CO[C:3]1[C:15]([CH2:16][CH:17]([NH:31][C:32]([C:34]2[CH:35]=[C:36]3[C:40](=[CH:41][CH:42]=2)[CH2:39][N:38]([CH2:43][C:44]2[CH:45]=[N:46][CH:47]=[CH:48][CH:49]=2)[CH2:37]3)=[O:33])[B:18]2[O:26]C3C(C)(C4CC(C3)C4(C)C)[O:19]2)=[CH:14][CH:13]=[CH:12][C:4]=1[C:5]([O:7]C(C)(C)C)=[O:6]>>[OH:26][B:18]1[CH:17]([NH:31][C:32]([C:34]2[CH:35]=[C:36]3[C:40](=[CH:41][CH:42]=2)[CH2:39][N:38]([CH2:43][C:44]2[CH:45]=[N:46][CH:47]=[CH:48][CH:49]=2)[CH2:37]3)=[O:33])[CH2:16][C:15]2[CH:14]=[CH:13][CH:12]=[C:4]([C:5]([OH:7])=[O:6])[C:3]=2[O:19]1,ClB(Cl)Cl,Reagent,"ClCCl, BrB(Br)Br","Solvent, Reagent"
21,322163,C[O:2][C:3]([C:5]1[S:6][C:7]([C:10]2[O:14][N:13]=[C:12]([C:15]3[N:20]=[C:19]([NH2:21])[N:18]=[C:17]([N:22]([CH3:29])[C:23]4[CH:28]=[CH:27][CH:26]=[CH:25][CH:24]=4)[N:16]=3)[N:11]=2)=[CH:8][CH:9]=1)=[O:4]>>[NH2:21][C:19]1[N:18]=[C:17]([N:22]([CH3:29])[C:23]2[CH:24]=[CH:25][CH:26]=[CH:27][CH:28]=2)[N:16]=[C:15]([C:12]2[N:11]=[C:10]([C:7]3[S:6][C:5]([C:3]([OH:4])=[O:2])=[CH:9][CH:8]=3)[O:14][N:13]=2)[N:20]=1,"CO, Cl, [Na+].[OH-]","Solvent, Reagent, Reagent","C1CCOC1, [Na+].[OH-]","Solvent, Reagent"
22,165462,Br[CH2:2][CH2:3][CH2:4][CH2:5][C:6]([NH:8][CH:9]1[CH2:13][N:12]([CH2:14][C:15]2[CH:20]=[CH:19][CH:18]=[CH:17][CH:16]=2)[CH2:11][CH:10]1[NH:21][C:22](=[O:28])[O:23][C:24]([CH3:27])([CH3:26])[CH3:25])=[O:7]>>[CH2:14]([N:12]1[CH2:13][CH:9]([N:8]2[CH2:2][CH2:3][CH2:4][CH2:5][C:6]2=[O:7])[CH:10]([NH:21][C:22](=[O:28])[O:23][C:24]([CH3:27])([CH3:26])[CH3:25])[CH2:11]1)[C:15]1[CH:20]=[CH:19][CH:18]=[CH:17][CH:16]=1,"CN(C)C=O, C1CCOC1, [H-].[Na+]","Solvent, Solvent, Reagent","CN(C)C=O, [H-].[Na+]","Solvent, Reagent"
23,312341,[NH2:1][C:2]1[CH:34]=[CH:33][C:5]([O:6][C:7]2[N:12]=[C:11]([CH3:13])[C:10]([CH2:14][N:15]3[CH2:20][CH2:19][CH:18]([N:21]4[CH:25]([C:26]5[CH:31]=[CH:30][CH:29]=[CH:28][CH:27]=5)[CH2:24][O:23][C:22]4=[O:32])[CH2:17][CH2:16]3)=[CH:9][CH:8]=2)=[CH:4][CH:3]=1.Br[CH2:36][C:37]([O:39][CH3:40])=[O:38]>>[CH3:40][O:39][C:37](=[O:38])[CH2:36][NH:1][C:2]1[CH:3]=[CH:4][C:5]([O:6][C:7]2[CH:8]=[CH:9][C:10]([CH2:14][N:15]3[CH2:16][CH2:17][CH:18]([N:21]4[CH:25]([C:26]5[CH:27]=[CH:28][CH:29]=[CH:30][CH:31]=5)[CH2:24][O:23][C:22]4=[O:32])[CH2:19][CH2:20]3)=[C:11]([CH3:13])[N:12]=2)=[CH:33][CH:34]=1,"CC#N, CCN(C(C)C)C(C)C","Solvent, Reagent","CN(C)C=O, O=C([O-])[O-].[K+].[K+]","Solvent, Reagent"
24,533805,[CH3:1][C:2]1[CH:7]=[CH:6][N:5]=[CH:4][C:3]=1[N:8]1[CH2:12][CH2:11][NH:10][C:9]1=[O:13].Br[C:15]1[S:16][C:17]([C:20]([F:23])([F:22])[F:21])=[CH:18][CH:19]=1>>[CH3:1][C:2]1[CH:7]=[CH:6][N:5]=[CH:4][C:3]=1[N:8]1[CH2:12][CH2:11][N:10]([C:15]2[S:16][C:17]([C:20]([F:23])([F:22])[F:21])=[CH:18][CH:19]=2)[C:9]1=[O:13],"C1COCCO1, N[C@@H]1CCCC[C@H]1N, O=P([O-])([O-])[O-].[K+].[K+].[K+]","Solvent, Reagent, Reagent","C1COCCO1, N[C@@H]1CCCC[C@H]1N, O=C([O-])[O-].[K+].[K+]","Solvent, Reagent, Reagent"
25,3372,[N+:1]([C:4]1[CH:28]=[CH:27][C:26]([N:29]2[CH2:34][CH2:33][CH2:32][CH2:31][CH2:30]2)=[CH:25][C:5]=1[C:6]([NH:8][C:9]1[CH:14]=[N:13][C:12]([C:15]2[CH:20]=[CH:19][CH:18]=[C:17]([C:21]([F:24])([F:23])[F:22])[CH:16]=2)=[CH:11][N:10]=1)=[O:7])([O-])=O>>[NH2:1][C:4]1[CH:28]=[CH:27][C:26]([N:29]2[CH2:34][CH2:33][CH2:32][CH2:31][CH2:30]2)=[CH:25][C:5]=1[C:6]([NH:8][C:9]1[CH:14]=[N:13][C:12]([C:15]2[CH:20]=[CH:19][CH:18]=[C:17]([C:21]([F:23])([F:24])[F:22])[CH:16]=2)=[CH:11][N:10]=1)=[O:7],[Pd],Catalyst,"[Pd], CO","Catalyst, Solvent"
26,114689,[CH3:1][CH:2]1[N:7]([CH2:8][C:9]([F:12])([F:11])[F:10])[C:6](=[O:13])[CH:5]([NH:14]C(=O)OC(C)(C)C)[CH2:4][CH:3]1[C:22]1[CH:27]=[CH:26][CH:25]=[CH:24][C:23]=1[CH3:28]>>[NH2:14][CH:5]1[CH2:4][CH:3]([C:22]2[CH:27]=[CH:26][CH:25]=[CH:24][C:23]=2[CH3:28])[CH:2]([CH3:1])[N:7]([CH2:8][C:9]([F:10])([F:11])[F:12])[C:6]1=[O:13],CCOC(C)=O,Solvent,"ClCCl, O=C(O)C(F)(F)F","Solvent, Reagent"
27,54148,C[O:2][C:3]1[CH:15]=[CH:14][C:13]2[C:12]3[C:7](=[CH:8][CH:9]=[CH:10][CH:11]=3)[N:6]([C:16]3[CH:21]=[C:20]([CH3:22])[CH:19]=[CH:18][N:17]=3)[C:5]=2[CH:4]=1>>[CH3:22][C:20]1[CH:19]=[CH:18][N:17]=[C:16]([N:6]2[C:5]3[CH:4]=[C:3]([OH:2])[CH:15]=[CH:14][C:13]=3[C:12]3[C:7]2=[CH:8][CH:9]=[CH:10][CH:11]=3)[CH:21]=1,O,Solvent,"ClCCl, BrB(Br)Br","Solvent, Reagent"
28,336843,[NH:1]1[C:5]2=[C:6]([O:10][C:11]3[CH:16]=[CH:15][C:14]([NH2:17])=[CH:13][C:12]=3[F:18])[N:7]=[CH:8][CH:9]=[C:4]2[CH:3]=[CH:2]1.[C:19]1([CH2:25][C:26]([N:28]=[C:29]=[S:30])=[O:27])[CH:24]=[CH:23][CH:22]=[CH:21][CH:20]=1>>[NH:1]1[C:5]2=[C:6]([O:10][C:11]3[CH:16]=[CH:15][C:14]([NH:17][C:29]([NH:28][C:26](=[O:27])[CH2:25][C:19]4[CH:20]=[CH:21][CH:22]=[CH:23][CH:24]=4)=[S:30])=[CH:13][C:12]=3[F:18])[N:7]=[CH:8][CH:9]=[C:4]2[CH:3]=[CH:2]1,C1CCOC1,Solvent,None,
29,451152,[CH3:1][C:2]1[C:7]([O:8][CH2:9][C:10]([F:15])([F:14])[CH:11]([F:13])[F:12])=[CH:6][N:5]=[C:4]([CH2:16]O)[CH:3]=1.[C:18]1(=[O:28])[NH:22][C:21](=[O:23])[C:20]2=[CH:24][CH:25]=[CH:26][CH:27]=[C:19]12>>[CH3:1][C:2]1[C:7]([O:8][CH2:9][C:10]([F:14])([F:15])[CH:11]([F:12])[F:13])=[CH:6][N:5]=[C:4]([CH2:16][N:22]2[C:18](=[O:28])[C:19]3[C:20](=[CH:24][CH:25]=[CH:26][CH:27]=3)[C:21]2=[O:23])[CH:3]=1,None,,"C1CCOC1, c1ccc(P(c2ccccc2)c2ccccc2)cc1, CC(C)OC(=O)/N=N/C(=O)OC(C)C","Solvent, Reagent, Reagent"
30,236522,[Br:1][C:2]1[C:3]([CH3:11])=[C:4]([CH:8]=[CH:9][CH:10]=1)[C:5](O)=[O:6].C(Cl)(=O)C([Cl:15])=O>>[Br:1][C:2]1[C:3]([CH3:11])=[C:4]([CH:8]=[CH:9][CH:10]=1)[C:5]([Cl:15])=[O:6],"C1CCOC1, CN(C)C=O","Solvent, Reagent",ClCCl,Solvent
31,16961,[F:1][C:2]1[C:8]([C:9]([F:12])([F:11])[F:10])=[CH:7][CH:6]=[CH:5][C:3]=1[NH2:4].C1C(=O)N([Br:20])C(=O)C1>>[Br:20][C:7]1[CH:6]=[CH:5][C:3]([NH2:4])=[C:2]([F:1])[C:8]=1[C:9]([F:10])([F:11])[F:12],"CN(C)C=O, CCOCC","Solvent, Solvent",CN(C)C=O,Solvent
32,14226,[C:1]([O:4][CH:5]1[CH2:13][C:12]2[C:7](=[CH:8][CH:9]=[C:10]([N+:14]([O-])=O)[CH:11]=2)[CH2:6]1)(=[O:3])[CH3:2]>>[NH2:14][C:10]1[CH:11]=[C:12]2[C:7](=[CH:8][CH:9]=1)[CH2:6][CH:5]([O:4][C:1](=[O:3])[CH3:2])[CH2:13]2,"[Pd], CCOC(C)=O","Catalyst, Solvent","[Pd], CCO","Catalyst, Solvent"
33,114091,C(OC(=O)[NH:7][CH:8]([C:36]1[CH:41]=[CH:40][CH:39]=[CH:38][CH:37]=1)[C:9]([N:11]1[CH2:15][CH2:14][CH2:13][CH:12]1[C:16](=[O:35])[NH:17][C:18]1[S:19][CH:20]=[C:21]([C:23]2[CH:28]=[CH:27][C:26]([C:29](=[O:34])[NH:30][CH:31]3[CH2:33][CH2:32]3)=[CH:25][CH:24]=2)[N:22]=1)=[O:10])(C)(C)C>>[CH:31]1([NH:30][C:29]([C:26]2[CH:25]=[CH:24][C:23]([C:21]3[N:22]=[C:18]([NH:17][C:16]([CH:12]4[CH2:13][CH2:14][CH2:15][N:11]4[C:9](=[O:10])[CH:8]([NH2:7])[C:36]4[CH:37]=[CH:38][CH:39]=[CH:40][CH:41]=4)=[O:35])[S:19][CH:20]=3)=[CH:28][CH:27]=2)=[O:34])[CH2:33][CH2:32]1,None,,"ClCCl, O=C(O)C(F)(F)F","Solvent, Reagent"
34,150155,[N:1]1[C:6]2[CH2:7][CH2:8][NH:9][CH2:10][C:5]=2[C:4]([NH:11][C:12]2[CH:13]=[N:14][C:15]([C:18]([CH3:21])([CH3:20])[CH3:19])=[CH:16][CH:17]=2)=[N:3][CH:2]=1.Cl[C:23]1[C:28]([Cl:29])=[CH:27][CH:26]=[CH:25][N:24]=1>>[C:18]([C:15]1[N:14]=[CH:13][C:12]([NH:11][C:4]2[C:5]3[CH2:10][N:9]([C:23]4[C:28]([Cl:29])=[CH:27][CH:26]=[CH:25][N:24]=4)[CH2:8][CH2:7][C:6]=3[N:1]=[CH:2][N:3]=2)=[CH:17][CH:16]=1)([CH3:21])([CH3:20])[CH3:19],None,,CCN(C(C)C)C(C)C,Reagent
35,285912,[CH2:1]1[C:10]2[C:5](=[CH:6][CH:7]=[CH:8][CH:9]=2)[CH2:4][CH2:3][NH:2]1.[C:18](Cl)(=[O:21])[CH:19]=[CH2:20]>>[CH2:1]1[C:10]2[C:5](=[CH:6][CH:7]=[CH:8][CH:9]=2)[CH2:4][CH2:3][N:2]1[C:18](=[O:21])[CH:19]=[CH2:20],"ClCCl, O, CCN(CC)CC","Solvent, Solvent, Reagent","ClCCl, CCN(CC)CC","Solvent, Reagent"
36,379711,[C:1]([O:5][C:6]([CH3:9])([CH3:8])[CH3:7])(=[O:4])[NH:2][NH2:3].[Cl:10][C:11]1[CH:12]=[C:13]([CH:16]=[CH:17][C:18]=1[Cl:19])[CH:14]=O>>[Cl:10][C:11]1[CH:12]=[C:13]([CH:14]=[N:3][NH:2][C:1]([O:5][C:6]([CH3:9])([CH3:8])[CH3:7])=[O:4])[CH:16]=[CH:17][C:18]=1[Cl:19],CCOC(C)=O,Solvent,CCO,Solvent
37,139048,[CH3:4][CH:5]([C:7]1[CH:8]=[CH:9][C:10]([O:23][CH2:24][C:25]2[CH:30]=[CH:29][CH:28]=[CH:27][CH:26]=2)=[C:11]([CH:22]=1)[C:12]([O:14]CC1C=CC=CC=1)=[O:13])[CH3:6]>>[CH3:6][CH:5]([C:7]1[CH:8]=[CH:9][C:10]([O:23][CH2:24][C:25]2[CH:26]=[CH:27][CH:28]=[CH:29][CH:30]=2)=[C:11]([CH:22]=1)[C:12]([OH:14])=[O:13])[CH3:4],"CCOC(C)=O, O, Cl, C1CCOC1","Solvent, Solvent, Reagent, Reagent",CCOC(C)=O,Solvent
38,309416,[C:1]1([C:18]2[CH:23]=[CH:22][CH:21]=[CH:20][CH:19]=2)[CH:6]=[CH:5][CH:4]=[CH:3][C:2]=1[NH:7][CH2:8][CH2:9][CH2:10][CH2:11][CH2:12][C:13]([O:15][CH2:16][CH3:17])=[O:14].[Cl:33][C:34]1[CH:42]=[CH:41][C:37]([C:38](Cl)=[O:39])=[CH:36][CH:35]=1>>[Cl:33][C:34]1[CH:42]=[CH:41][C:37]([C:38]([N:7]([CH2:8][CH2:9][CH2:10][CH2:11][CH2:12][C:13]([O:15][CH2:16][CH3:17])=[O:14])[C:2]2[CH:3]=[CH:4][CH:5]=[CH:6][C:1]=2[C:18]2[CH:23]=[CH:22][CH:21]=[CH:20][CH:19]=2)=[O:39])=[CH:36][CH:35]=1,"c1ccccc1, CCN(C(C)C)C(C)C","Solvent, Reagent","ClCCl, CCN(C(C)C)C(C)C","Solvent, Reagent"
39,266485,[OH:1][CH:2]1[CH2:7][CH2:6][CH:5]([CH2:8][NH:9]C(=O)OC(C)(C)C)[CH2:4][CH2:3]1>>[NH2:9][CH2:8][CH:5]1[CH2:6][CH2:7][CH:2]([OH:1])[CH2:3][CH2:4]1,"ClCCl, O=C(O)C(F)(F)F","Solvent, Reagent",Cl,Reagent
40,16231,[Si:1]([O:8][CH2:9][CH:10]([N:25]1[CH:29]=[C:28]([C:30]([NH2:32])=[O:31])[N:27]=[CH:26]1)[CH2:11][CH2:12][N:13]1[C:21]2[C:16](=[CH:17][CH:18]=[C:19]([N+:22]([O-])=O)[CH:20]=2)[CH:15]=[CH:14]1)([C:4]([CH3:7])([CH3:6])[CH3:5])([CH3:3])[CH3:2]>>[NH2:22][C:19]1[CH:20]=[C:21]2[C:16]([CH:15]=[CH:14][N:13]2[CH2:12][CH2:11][CH:10]([N:25]2[CH:29]=[C:28]([C:30]([NH2:32])=[O:31])[N:27]=[CH:26]2)[CH2:9][O:8][Si:1]([C:4]([CH3:7])([CH3:6])[CH3:5])([CH3:3])[CH3:2])=[CH:17][CH:18]=1,"[Fe], CCO, O","Catalyst, Solvent, Solvent","[Pd], CCO","Catalyst, Solvent"
41,293058,[F:1][C:2]1[CH:3]=[CH:4][C:5]([CH2:8][O:9][C:10]2[CH:15]=[CH:14][N:13]([C:16]3[CH:37]=[CH:36][C:19]4[C:20]5[CH:27]6[N:28](C(OC(C)(C)C)=O)[CH:24]([CH2:25][CH2:26]6)[CH2:23][C:21]=5[O:22][C:18]=4[CH:17]=3)[C:12](=[O:38])[CH:11]=2)=[N:6][CH:7]=1>>[F:1][C:2]1[CH:3]=[CH:4][C:5]([CH2:8][O:9][C:10]2[CH:15]=[CH:14][N:13]([C:16]3[CH:37]=[CH:36][C:19]4[C:20]5[CH:27]6[NH:28][CH:24]([CH2:25][CH2:26]6)[CH2:23][C:21]=5[O:22][C:18]=4[CH:17]=3)[C:12](=[O:38])[CH:11]=2)=[N:6][CH:7]=1,Cl,Reagent,"C1COCCO1, Cl","Solvent, Reagent"
42,40707,[Br:3][C:4]1[CH:11]=[C:10]([CH2:12][CH3:13])[C:7]([C:8]#[N:9])=[C:6]([CH2:14][CH3:15])[CH:5]=1>>[Br:3][C:4]1[CH:5]=[C:6]([CH2:14][CH3:15])[C:7]([CH2:8][NH2:9])=[C:10]([CH2:12][CH3:13])[CH:11]=1,"C1CCOC1, [Li]","Solvent, Reagent","C1CCOC1, [Al+3].[H-].[H-].[H-].[H-].[Li+]","Solvent, Reagent"
43,421343,[CH3:1][C:2]1[CH:6]=[CH:5][S:4][C:3]=1[CH:7]1[O:11][CH2:10][CH2:9][O:8]1.[CH2:17]([Sn:21](Cl)([CH2:26][CH2:27][CH2:28][CH3:29])[CH2:22][CH2:23][CH2:24][CH3:25])[CH2:18][CH2:19][CH3:20]>>[CH2:26]([Sn:21]([CH2:17][CH2:18][CH2:19][CH3:20])([CH2:22][CH2:23][CH2:24][CH3:25])[C:5]1[S:4][C:3]([CH:7]2[O:11][CH2:10][CH2:9][O:8]2)=[C:2]([CH3:1])[CH:6]=1)[CH2:27][CH2:28][CH3:29],"C1CCOC1, CCOCC","Solvent, Solvent",C1CCOC1,Solvent
44,158031,[C:8](OC(=O)C)(=[O:10])[CH3:9].[Cl:15][C:16]1[CH:17]=[C:18]([CH:46]=[CH:47][C:48]=1[F:49])[NH:19][C:20]1[C:29]2[C:24](=[CH:25][C:26]([O:36][CH2:37][CH2:38][CH2:39][N:40]3[CH2:45][CH2:44][NH:43][CH2:42][CH2:41]3)=[CH:27][C:28]=2[O:30][CH:31]2[CH2:35][CH2:34][O:33][CH2:32]2)[N:23]=[CH:22][N:21]=1>>[Cl:15][C:16]1[CH:17]=[C:18]([CH:46]=[CH:47][C:48]=1[F:49])[NH:19][C:20]1[C:29]2[C:24](=[CH:25][C:26]([O:36][CH2:37][CH2:38][CH2:39][N:40]3[CH2:41][CH2:42][N:43]([C:8](=[O:10])[CH3:9])[CH2:44][CH2:45]3)=[CH:27][C:28]=2[O:30][CH:31]2[CH2:35][CH2:34][O:33][CH2:32]2)[N:23]=[CH:22][N:21]=1,"ClCCl, CCN(CC)CC, O=C([O-])O.[Na+]","Solvent, Reagent, Reagent",None,
45,426762,[CH3:1][C:2]1[C:10]([O:11][CH:12]2[CH2:17][CH2:16][CH:15]([N:18]3[C:26](=[O:27])[C:25]4[C:20](=[CH:21][CH:22]=[CH:23][CH:24]=4)[C:19]3=[O:28])[CH2:14][CH2:13]2)=[CH:9][CH:8]=[C:7]2[C:3]=1[CH:4]=[N:5][NH:6]2.[O:29]1[CH:34]=[CH:33][CH2:32][CH2:31][CH2:30]1>>[CH3:1][C:2]1[C:10]([O:11][CH:12]2[CH2:17][CH2:16][CH:15]([N:18]3[C:19](=[O:28])[C:20]4[C:25](=[CH:24][CH:23]=[CH:22][CH:21]=4)[C:26]3=[O:27])[CH2:14][CH2:13]2)=[CH:9][CH:8]=[C:7]2[C:3]=1[CH:4]=[N:5][N:6]2[CH:30]1[CH2:31][CH2:32][CH2:33][CH2:34][O:29]1,C1CCOC1,Solvent,"ClCCl, Cc1ccc(S(=O)(=O)O)cc1","Solvent, Reagent"
46,317158,[C:1]1([CH:7]([CH2:10][NH2:11])[CH2:8][NH2:9])[CH:6]=[CH:5][CH:4]=[CH:3][CH:2]=1.[C:12](O[C:12]([O:14][C:15]([CH3:18])([CH3:17])[CH3:16])=[O:13])([O:14][C:15]([CH3:18])([CH3:17])[CH3:16])=[O:13]>>[C:15]([O:14][C:12](=[O:13])[NH:11][CH2:10][CH:7]([C:1]1[CH:6]=[CH:5][CH:4]=[CH:3][CH:2]=1)[CH2:8][NH2:9])([CH3:18])([CH3:17])[CH3:16],C1CCOC1,Solvent,ClCCl,Solvent
47,11311,[N+:1]([C:4]1[CH:9]=[CH:8][CH:7]=[CH:6][C:5]=1[C:10]1[O:11][C:12]2[CH:18]=[CH:17][CH:16]=[CH:15][C:13]=2[N:14]=1)([O-])=O>>[NH2:1][C:4]1[CH:9]=[CH:8][CH:7]=[CH:6][C:5]=1[C:10]1[O:11][C:12]2[CH:18]=[CH:17][CH:16]=[CH:15][C:13]=2[N:14]=1,CCO,Solvent,"[Pd], CCO","Catalyst, Solvent"
48,327767,[C:1]([O:9][C:10]1[CH:11]=[C:12]([Cl:18])[C:13]([OH:17])=[C:14]([I:16])[CH:15]=1)(=[O:8])[C:2]1[CH:7]=[CH:6][CH:5]=[CH:4][CH:3]=1.[F:19][C:20]([F:33])([F:32])[C:21]1[CH:22]=[CH:23][C:24]([O:27][CH2:28][CH2:29][CH2:30]O)=[N:25][CH:26]=1>>[C:1]([O:9][C:10]1[CH:11]=[C:12]([Cl:18])[C:13]([O:17][CH2:30][CH2:29][CH2:28][O:27][C:24]2[CH:23]=[CH:22][C:21]([C:20]([F:33])([F:19])[F:32])=[CH:26][N:25]=2)=[C:14]([I:16])[CH:15]=1)(=[O:8])[C:2]1[CH:3]=[CH:4][CH:5]=[CH:6][CH:7]=1,"C1CCOC1, c1ccc(P(c2ccccc2)c2ccccc2)cc1, CCOC(=O)N=NC(=O)OCC","Solvent, Reagent, Reagent","C1CCOC1, c1ccc(P(c2ccccc2)c2ccccc2)cc1","Solvent, Reagent"
49,168331,[F:1][C:2]1[C:10]([O:11][C:12]2[C:21]3[C:16](=[CH:17][C:18]([O:24][CH2:25][CH:26]4[CH2:30][CH2:29][CH2:28][NH:27]4)=[C:19]([O:22][CH3:23])[CH:20]=3)[N:15]=[CH:14][N:13]=2)=[CH:9][CH:8]=[C:7]2[C:3]=1[CH:4]=[C:5]([CH3:31])[NH:6]2.[C:32](Cl)(=[O:34])[CH3:33]>>[C:32]([N:27]1[CH2:28][CH2:29][CH2:30][CH:26]1[CH2:25][O:24][C:18]1[CH:17]=[C:16]2[C:21]([C:12]([O:11][C:10]3[C:2]([F:1])=[C:3]4[C:7](=[CH:8][CH:9]=3)[NH:6][C:5]([CH3:31])=[CH:4]4)=[N:13][CH:14]=[N:15]2)=[CH:20][C:19]=1[O:22][CH3:23])(=[O:34])[CH3:33],None,,ClCCl,Solvent
50,491303,[CH2:1]([O:3][C:4](=[O:32])[C:5]([CH3:31])([CH3:30])[CH2:6][C:7]1[N:8]([CH2:22][C:23]2[CH:28]=[CH:27][C:26](Cl)=[CH:25][CH:24]=2)[C:9]2[C:14]([C:15]=1[S:16][C:17]([CH3:20])([CH3:19])[CH3:18])=[CH:13][C:12]([OH:21])=[CH:11][CH:10]=2)[CH3:2].[B:33]1([B:33]2[O:37][C:36]([CH3:39])([CH3:38])[C:35]([CH3:41])([CH3:40])[O:34]2)[O:37][C:36]([CH3:39])([CH3:38])[C:35]([CH3:41])([CH3:40])[O:34]1>>[CH2:1]([O:3][C:4](=[O:32])[C:5]([CH3:31])([CH3:30])[CH2:6][C:7]1[N:8]([CH2:22][C:23]2[CH:28]=[CH:27][C:26]([B:33]3[O:37][C:36]([CH3:39])([CH3:38])[C:35]([CH3:41])([CH3:40])[O:34]3)=[CH:25][CH:24]=2)[C:9]2[C:14]([C:15]=1[S:16][C:17]([CH3:20])([CH3:19])[CH3:18])=[CH:13][C:12]([OH:21])=[CH:11][CH:10]=2)[CH3:2],"C1COCCO1, CC(=O)[O-].[K+]","Solvent, Reagent",C1COCCO1,Solvent
51,517146,[NH2:1][C:2]1[N:7]=[CH:6][N:5]=[C:4]([NH:8][CH:9]([C:11]2[N:16]([C:17]3[CH:22]=[CH:21][CH:20]=[CH:19][CH:18]=3)[C:15](=[O:23])[C:14]3=[C:24]([CH3:27])[CH:25]=[CH:26][N:13]3[N:12]=2)[CH3:10])[C:3]=1Br.[F:29][CH:30]([F:46])[C:31]1[CH:32]=[N:33][CH:34]=[C:35](B2OC(C)(C)C(C)(C)O2)[CH:36]=1>>[NH2:1][C:2]1[N:7]=[CH:6][N:5]=[C:4]([NH:8][CH:9]([C:11]2[N:16]([C:17]3[CH:22]=[CH:21][CH:20]=[CH:19][CH:18]=3)[C:15](=[O:23])[C:14]3=[C:24]([CH3:27])[CH:25]=[CH:26][N:13]3[N:12]=2)[CH3:10])[C:3]=1[C:35]1[CH:34]=[N:33][CH:32]=[C:31]([CH:30]([F:46])[F:29])[CH:36]=1,O=C([O-])[O-].[Na+].[Na+],Reagent,O=C([O-])[O-].[Cs+].[Cs+],Reagent
52,51168,[Br:1][C:2]1[CH:10]=[CH:9][C:5]([C:6]([OH:8])=O)=[C:4]([Cl:11])[CH:3]=1.[NH:12]1[CH2:15][CH2:14][CH2:13]1>>[Br:1][C:2]1[CH:10]=[CH:9][C:5]([C:6]([N:12]2[CH2:15][CH2:14][CH2:13]2)=[O:8])=[C:4]([Cl:11])[CH:3]=1,None,,"CN(C)C=O, CCN(CC)CC","Solvent, Reagent"
53,86054,[F:1][C:2]1[CH:3]=[C:4]([C:9]2[CH:10]=[C:11]([C:20]([O:22]C)=[O:21])[C:12](=[O:19])[N:13]([CH2:15][CH:16]([CH3:18])[CH3:17])[N:14]=2)[CH:5]=[CH:6][C:7]=1[CH3:8]>>[C:20]([C:11]1[C:12](=[O:19])[N:13]([CH2:15][CH:16]([CH3:17])[CH3:18])[N:14]=[C:9]([C:4]2[CH:5]=[CH:6][C:7]([CH3:8])=[C:2]([F:1])[CH:3]=2)[CH:10]=1)([OH:22])=[O:21],"CO, [Na+].[OH-], Cl, O","Solvent, Reagent, Reagent, Reagent",None,
54,38933,C([O:12][C:13]1[CH:14]=[C:15]2[C:20](=[CH:21][CH:22]=1)[CH:19]=[C:18]([C:23]([O:25][CH:26]([C:31]([F:34])([F:33])[F:32])[CH2:27][CH2:28][CH2:29][CH3:30])=[O:24])[CH2:17][CH2:16]2)C1C=CC=CC=1>>[OH:12][C:13]1[CH:14]=[C:15]2[C:20](=[CH:21][CH:22]=1)[CH:19]=[C:18]([C:23]([O:25][CH:26]([C:31]([F:32])([F:33])[F:34])[CH2:27][CH2:28][CH2:29][CH3:30])=[O:24])[CH2:17][CH2:16]2,"CO, ClC(Cl)Cl, C[Si](C)(C)I","Solvent, Reagent, Reagent",C1CCOC1,Solvent
55,189592,[C:8](Cl)(=[O:12])[C:9]([CH3:11])=[CH2:10].[CH3:14][C:15]1([OH:24])[CH2:23][C:22]2[C:17](=[CH:18][CH:19]=[CH:20][CH:21]=2)[CH2:16]1>>[C:8]([O:24][C:15]1([CH3:14])[CH2:23][C:22]2[C:17](=[CH:18][CH:19]=[CH:20][CH:21]=2)[CH2:16]1)(=[O:12])[C:9]([CH3:11])=[CH2:10],"Cc1ccccc1, CCN(CC)CC","Solvent, Reagent","ClCCl, CCN(CC)CC","Solvent, Reagent"
56,215546,Cl[CH2:2][C:3]1[C:8]([CH3:9])=[CH:7][CH:6]=[CH:5][C:4]=1[Cl:10].[C-:11]#[N:12]>>[Cl:10][C:4]1[CH:5]=[CH:6][CH:7]=[C:8]([CH3:9])[C:3]=1[CH2:2][C:11]#[N:12],"O, CCO","Solvent, Solvent","O, CCO, [C-]#N.[Na+]","Solvent, Solvent, Reagent"
57,232640,[Br:1][C:2]1[CH:11]=[CH:10][C:5]([C:6]([NH:8][NH2:9])=[O:7])=[C:4]([O:12][CH3:13])[CH:3]=1.[C:14]([NH:17][CH2:18][C:19](O)=[O:20])(=[O:16])[CH3:15]>>[Br:1][C:2]1[CH:11]=[CH:10][C:5]([C:6]([NH:8][NH:9][C:19](=[O:20])[CH2:18][NH:17][C:14](=[O:16])[CH3:15])=[O:7])=[C:4]([O:12][CH3:13])[CH:3]=1,"C1CCOC1, CCN(CC)CC, CCCP1(=O)OP(=O)(CCC)OP(=O)(CCC)O1","Solvent, Reagent, Reagent","ClCCl, On1nnc2ccccc21, CCN(CC)CC","Solvent, Reagent, Reagent"
58,316923,[NH2:1][CH:2]1[CH2:7][CH2:6][CH2:5][CH:4]([C:8]([OH:10])=[O:9])[CH2:3]1.[CH3:13][C:14]([O:17][C:18](O[C:18]([O:17][C:14]([CH3:16])([CH3:15])[CH3:13])=[O:19])=[O:19])([CH3:16])[CH3:15]>>[CH3:13][C:14]([O:17][C:18]([NH:1][CH:2]1[CH2:7][CH2:6][CH2:5][CH:4]([C:8]([OH:10])=[O:9])[CH2:3]1)=[O:19])([CH3:16])[CH3:15],"C1COCCO1, [Na+].[OH-]","Solvent, Reagent","O, [Na+].[OH-]","Solvent, Reagent"
59,57183,[CH2:1]([C:3]1[O:4][C:5]2[CH:23]=[CH:22][CH:21]=[CH:20][C:6]=2[C:7]=1[C:8]([C:10]1[CH:15]=[C:14]([CH3:16])[C:13]([O:17]C)=[C:12]([CH3:19])[CH:11]=1)=[O:9])[CH3:2]>>[CH2:1]([C:3]1[O:4][C:5]2[CH:23]=[CH:22][CH:21]=[CH:20][C:6]=2[C:7]=1[C:8]([C:10]1[CH:15]=[C:14]([CH3:16])[C:13]([OH:17])=[C:12]([CH3:19])[CH:11]=1)=[O:9])[CH3:2],CN(C)C=O,Solvent,ClCCl,Solvent
60,157226,[F:1][C:2]1[CH:3]=[C:4]2[C:8](=[CH:9][CH:10]=1)[NH:7][CH:6]=[C:5]2[CH2:11][C:12]([O:14][C:15]([CH3:18])([CH3:17])[CH3:16])=[O:13].[C:19](Cl)(=[O:26])[C:20]1[CH:25]=[CH:24][CH:23]=[CH:22][CH:21]=1>>[F:1][C:2]1[CH:3]=[C:4]2[C:8](=[CH:9][CH:10]=1)[N:7]([C:19](=[O:26])[C:20]1[CH:25]=[CH:24][CH:23]=[CH:22][CH:21]=1)[CH:6]=[C:5]2[CH2:11][C:12]([O:14][C:15]([CH3:18])([CH3:17])[CH3:16])=[O:13],None,,"C1CCOC1, [H-].[Na+]","Solvent, Reagent"
61,226913,[F:1][C:2]1[CH:7]=[CH:6][C:5]([C:8]2[S:9][CH:10]=[CH:11][C:12]=2[C:13]2[CH:18]=[CH:17][C:16]([S:19][CH3:20])=[CH:15][CH:14]=2)=[CH:4][CH:3]=1.[Br:21]Br>>[Br:21][C:10]1[S:9][C:8]([C:5]2[CH:4]=[CH:3][C:2]([F:1])=[CH:7][CH:6]=2)=[C:12]([C:13]2[CH:18]=[CH:17][C:16]([S:19][CH3:20])=[CH:15][CH:14]=2)[CH:11]=1,"CC(=O)O, ClCCl","Solvent, Solvent",ClC(Cl)Cl,Solvent
62,204174,[Cl:1][C:2]1[CH:10]=[CH:9][C:5]([C:6]([OH:8])=O)=[CH:4][C:3]=1[NH:11][C:12]([C:14]1[C:15](=[O:26])[NH:16][C:17]2[C:22]([CH:23]=1)=[CH:21][N:20]=[C:19]([O:24][CH3:25])[CH:18]=2)=[O:13].[C:27]([O:31][C:32](=[O:44])[NH:33][CH2:34][CH:35]([NH2:43])[C:36]1[CH:41]=[CH:40][CH:39]=[C:38]([Cl:42])[CH:37]=1)([CH3:30])([CH3:29])[CH3:28]>>[C:27]([O:31][C:32](=[O:44])[NH:33][CH2:34][CH:35]([NH:43][C:6](=[O:8])[C:5]1[CH:9]=[CH:10][C:2]([Cl:1])=[C:3]([NH:11][C:12]([C:14]2[C:15](=[O:26])[NH:16][C:17]3[C:22]([CH:23]=2)=[CH:21][N:20]=[C:19]([O:24][CH3:25])[CH:18]=3)=[O:13])[CH:4]=1)[C:36]1[CH:41]=[CH:40][CH:39]=[C:38]([Cl:42])[CH:37]=1)([CH3:30])([CH3:28])[CH3:29],None,,CN(C)C=O,Solvent
63,7566,[CH3:1][C:2]1([CH3:17])[C:8]2[CH:9]=[CH:10][C:11]([N+:13]([O-])=O)=[CH:12][C:7]=2[CH2:6][CH2:5][C:4](=[O:16])[NH:3]1>>[NH2:13][C:11]1[CH:10]=[CH:9][C:8]2[C:2]([CH3:17])([CH3:1])[NH:3][C:4](=[O:16])[CH2:5][CH2:6][C:7]=2[CH:12]=1,"CO, O, O=C([O-])O.[Na+], O=S([O-])S(=O)[O-].[Na+].[Na+], [Cl-].[Na+]","Solvent, Solvent, Reagent, Reagent, Reagent","[Pd], CO","Catalyst, Solvent"
64,114670,[CH:8]1([C:14]([CH2:16][N:17]2[C:23]3[CH:24]=[CH:25][CH:26]=[CH:27][C:22]=3[N:21]([CH:28]3[CH2:33][CH2:32][CH2:31][CH2:30][CH2:29]3)[CH2:20][CH:19]([NH:34]C(OC(C)(C)C)=O)[C:18]2=[O:42])=[O:15])[CH2:13][CH2:12][CH2:11][CH2:10][CH2:9]1>>[CH:8]1([C:14]([CH2:16][N:17]2[C:23]3[CH:24]=[CH:25][CH:26]=[CH:27][C:22]=3[N:21]([CH:28]3[CH2:29][CH2:30][CH2:31][CH2:32][CH2:33]3)[CH2:20][CH:19]([NH2:34])[C:18]2=[O:42])=[O:15])[CH2:13][CH2:12][CH2:11][CH2:10][CH2:9]1,CCO,Solvent,ClCCl,Solvent
65,28654,[Br:1][CH2:2][CH2:3][CH2:4][CH2:5][CH2:6][CH2:7][CH2:8][CH2:9][CH2:10][CH2:11][C:12](Cl)=[O:13].[NH2:15][C:16]1[CH:26]=[CH:25][C:19]([C:20]([O:22][CH2:23][CH3:24])=[O:21])=[CH:18][CH:17]=1>>[Br:1][CH2:2][CH2:3][CH2:4][CH2:5][CH2:6][CH2:7][CH2:8][CH2:9][CH2:10][CH2:11][C:12]([NH:15][C:16]1[CH:17]=[CH:18][C:19]([C:20]([O:22][CH2:23][CH3:24])=[O:21])=[CH:25][CH:26]=1)=[O:13],ClCCl,Solvent,"ClCCl, CCN(CC)CC","Solvent, Reagent"
66,111916,[C:1]12([C:11]3[CH:12]=[C:13]([CH:18]=[CH:19][C:20]=3[OH:21])[C:14]([O:16][CH3:17])=[O:15])[CH2:10][CH:5]3[CH2:6][CH:7]([CH2:9][CH:3]([CH2:4]3)[CH2:2]1)[CH2:8]2.[CH2:22](Br)[C:23]1[CH:28]=[CH:27][CH:26]=[CH:25][CH:24]=1>>[C:1]12([C:11]3[CH:12]=[C:13]([CH:18]=[CH:19][C:20]=3[O:21][CH2:22][C:23]3[CH:28]=[CH:27][CH:26]=[CH:25][CH:24]=3)[C:14]([O:16][CH3:17])=[O:15])[CH2:2][CH:3]3[CH2:9][CH:7]([CH2:6][CH:5]([CH2:4]3)[CH2:10]1)[CH2:8]2,None,,"CN(C)C=O, O=C([O-])[O-].[K+].[K+]","Solvent, Reagent"
67,67435,[NH2:2][CH:3]1[CH2:7][CH2:6][CH2:5][CH:4]1[N:8]([CH:21]1[CH2:24][CH2:23][CH2:22]1)[C:9](=[O:20])[C:10]1[C:15]([O:16][CH3:17])=[CH:14][CH:13]=[CH:12][C:11]=1[O:18][CH3:19].Cl[C:26]1[CH:31]=[CH:30][C:29]([C:32]([F:35])([F:34])[F:33])=[CH:28][N:27]=1>>[CH:21]1([N:8]([CH:4]2[CH2:5][CH2:6][CH2:7][CH:3]2[NH:2][C:26]2[CH:31]=[CH:30][C:29]([C:32]([F:35])([F:34])[F:33])=[CH:28][N:27]=2)[C:9](=[O:20])[C:10]2[C:11]([O:18][CH3:19])=[CH:12][CH:13]=[CH:14][C:15]=2[O:16][CH3:17])[CH2:24][CH2:23][CH2:22]1,"CS(C)=O, CCN(C(C)C)C(C)C","Solvent, Reagent",None,
68,375556,[Cl:1][C:2]1[C:7]([CH:8]([C:10]2[CH:15]=[CH:14][CH:13]=[C:12]([O:16][CH3:17])[CH:11]=2)[OH:9])=[CH:6][CH:5]=[CH:4][N:3]=1>>[Cl:1][C:2]1[C:7]([C:8]([C:10]2[CH:15]=[CH:14][CH:13]=[C:12]([O:16][CH3:17])[CH:11]=2)=[O:9])=[CH:6][CH:5]=[CH:4][N:3]=1,Cc1ccccc1,Solvent,ClCCl,Solvent
69,79712,C([N:8]1[CH2:13][CH2:12][C:11]([C:17]2[CH:18]=[N:19][CH:20]=[CH:21][CH:22]=2)([N:14]([CH3:16])[CH3:15])[CH2:10][CH2:9]1)C1C=CC=CC=1>>[CH3:15][N:14]([CH3:16])[C:11]1([C:17]2[CH:18]=[N:19][CH:20]=[CH:21][CH:22]=2)[CH2:12][CH2:13][NH:8][CH2:9][CH2:10]1,"CO, CC(=O)O","Solvent, Reagent","CO, Cl","Solvent, Reagent"
70,229267,[F:1][C:2]1[CH:11]=[CH:10][CH:9]=[C:8]2[C:3]=1[C:4]([CH2:21][C:22]([O:24]C)=O)=[N:5][C:6]([N:12]1[CH2:17][CH2:16][N:15]3[CH2:18][CH2:19][CH2:20][CH:14]3[CH2:13]1)=[N:7]2.[NH3:26]>>[F:1][C:2]1[CH:11]=[CH:10][CH:9]=[C:8]2[C:3]=1[C:4]([CH2:21][C:22]([NH2:26])=[O:24])=[N:5][C:6]([N:12]1[CH2:17][CH2:16][N:15]3[CH2:18][CH2:19][CH2:20][CH:14]3[CH2:13]1)=[N:7]2,None,,CO,Solvent
71,105685,[Br:1][C:2]1[C:7]2[N:8]([CH:14]3[CH2:16][CH2:15]3)[C:9]([CH:11]([NH2:13])[CH3:12])=[N:10][C:6]=2[CH:5]=[CH:4][C:3]=1[F:17].[NH2:18][C:19]1[C:24]([C:25]#[N:26])=[C:23](Cl)[N:22]=[CH:21][N:20]=1>>[NH2:18][C:19]1[C:24]([C:25]#[N:26])=[C:23]([NH:13][CH:11]([C:9]2[N:8]([CH:14]3[CH2:15][CH2:16]3)[C:7]3[C:2]([Br:1])=[C:3]([F:17])[CH:4]=[CH:5][C:6]=3[N:10]=2)[CH3:12])[N:22]=[CH:21][N:20]=1,"CC(C)O, CO, CCN(C(C)C)C(C)C","Solvent, Solvent, Reagent","CC(C)O, CCN(C(C)C)C(C)C","Solvent, Reagent"
72,430184,[Cl:1][C:2]1[CH:7]=[C:6]([CH:8]=[CH:9][CH:10]([C:15]2[CH:20]=[C:19]([Cl:21])[C:18]([Cl:22])=[C:17]([Cl:23])[CH:16]=2)[C:11]([F:14])([F:13])[F:12])[CH:5]=[CH:4][C:3]=1[CH2:24][NH2:25].Cl[C:27](=[O:32])[C:28]([O:30][CH3:31])=[O:29]>>[Cl:1][C:2]1[CH:7]=[C:6]([CH:8]=[CH:9][CH:10]([C:15]2[CH:20]=[C:19]([Cl:21])[C:18]([Cl:22])=[C:17]([Cl:23])[CH:16]=2)[C:11]([F:14])([F:13])[F:12])[CH:5]=[CH:4][C:3]=1[CH2:24][NH:25][C:27](=[O:32])[C:28]([O:30][CH3:31])=[O:29],ClCCl,Solvent,"ClCCl, CCN(C(C)C)C(C)C","Solvent, Reagent"
73,198239,[OH:1][CH:2]1[CH2:7][CH2:6][N:5]([C:8](=[O:19])[CH2:9][NH:10][C:11]2[C:12](=[O:18])[N:13]([CH3:17])[N:14]=[CH:15][CH:16]=2)[CH2:4][CH2:3]1.[Cl:20][C:21]1[CH:26]=[CH:25][C:24]([N+:27]([O-:29])=[O:28])=[CH:23][C:22]=1O>>[Cl:20][C:21]1[CH:26]=[CH:25][C:24]([N+:27]([O-:29])=[O:28])=[CH:23][C:22]=1[O:1][CH:2]1[CH2:3][CH2:4][N:5]([C:8](=[O:19])[CH2:9][NH:10][C:11]2[C:12](=[O:18])[N:13]([CH3:17])[N:14]=[CH:15][CH:16]=2)[CH2:6][CH2:7]1,None,,"C1CCOC1, c1ccc(P(c2ccccc2)c2ccccc2)cc1","Solvent, Reagent"
74,246783,[CH3:1][N:2]1[C:10]2[C:5](=[CH:6][CH:7]=[CH:8][C:9]=2[CH:11]=[O:12])[CH:4]=[CH:3]1>>[CH3:1][N:2]1[C:10]2[C:5](=[CH:6][CH:7]=[CH:8][C:9]=2[CH2:11][OH:12])[CH:4]=[CH:3]1,"CCO, [BH4-].[Na+]","Solvent, Reagent","CO, [BH4-].[Na+]","Solvent, Reagent"
75,266717,[CH3:1][CH:2]([C:12]([NH:14][C:15]1[CH:20]=[CH:19][C:18]([N+:21]([O-:23])=[O:22])=[C:17]([C:24]([F:27])([F:26])[F:25])[CH:16]=1)=[O:13])[CH2:3][NH:4]C(=O)OC(C)(C)C>>[NH2:4][CH2:3][CH:2]([CH3:1])[C:12]([NH:14][C:15]1[CH:20]=[CH:19][C:18]([N+:21]([O-:23])=[O:22])=[C:17]([C:24]([F:25])([F:26])[F:27])[CH:16]=1)=[O:13],"ClCCl, O=C(O)C(F)(F)F","Solvent, Reagent","ClCCl, Cl","Solvent, Reagent"
76,150437,[CH3:1][N:2]([CH:10]1[CH2:14][CH2:13][NH:12][CH2:11]1)[C:3](=[O:9])[O:4][C:5]([CH3:8])([CH3:7])[CH3:6].Cl[C:16]1[N:21]=[CH:20][C:19]([C:22]#[N:23])=[CH:18][CH:17]=1>>[C:22]([C:19]1[CH:18]=[CH:17][C:16]([N:12]2[CH2:13][CH2:14][CH:10]([N:2]([CH3:1])[C:3](=[O:9])[O:4][C:5]([CH3:8])([CH3:6])[CH3:7])[CH2:11]2)=[N:21][CH:20]=1)#[N:23],CCO,Solvent,None,
77,54433,[CH2:1]([CH:3]([NH:6][C:7]1[N:8]=[C:9]([C:20]2[CH:25]=[C:24]([O:26]C)[CH:23]=[C:22]([Cl:28])[CH:21]=2)[C:10]2[C:15]([NH2:16])=[C:14]([C:17]([NH2:19])=[O:18])[S:13][C:11]=2[N:12]=1)[CH2:4][OH:5])[CH3:2]>>[CH2:1]([CH:3]([NH:6][C:7]1[N:8]=[C:9]([C:20]2[CH:21]=[C:22]([Cl:28])[CH:23]=[C:24]([OH:26])[CH:25]=2)[C:10]2[C:15]([NH2:16])=[C:14]([C:17]([NH2:19])=[O:18])[S:13][C:11]=2[N:12]=1)[CH2:4][OH:5])[CH3:2],"ClCCl, BrB(Br)Br, O=C([O-])O.[Na+]","Solvent, Reagent, Reagent","ClCCl, BrB(Br)Br","Solvent, Reagent"
78,72152,[OH:1][C:2]1[CH:7]=[CH:6][C:5]([C:8]([C:10]2[CH:15]=[C:14]([O:16][CH3:17])[CH:13]=[CH:12][C:11]=2[C:18]2[CH:27]=[CH:26][C:25]3[C:20](=[CH:21][CH:22]=[C:23]([O:28][CH3:29])[CH:24]=3)[CH:19]=2)=[O:9])=[CH:4][CH:3]=1.Cl[CH2:32][CH2:33][N:34]1[CH2:39][CH2:38][CH2:37][CH2:36][CH2:35]1>>[CH3:17][O:16][C:14]1[CH:13]=[CH:12][C:11]([C:18]2[CH:27]=[CH:26][C:25]3[C:20](=[CH:21][CH:22]=[C:23]([O:28][CH3:29])[CH:24]=3)[CH:19]=2)=[C:10]([C:8]([C:5]2[CH:4]=[CH:3][C:2]([O:1][CH2:32][CH2:33][N:34]3[CH2:39][CH2:38][CH2:37][CH2:36][CH2:35]3)=[CH:7][CH:6]=2)=[O:9])[CH:15]=1,None,,"CN(C)C=O, O=C([O-])[O-].[K+].[K+]","Solvent, Reagent"
79,209994,Cl[C:2]1[N:7]=[C:6]([C:8]([F:11])([F:10])[F:9])[CH:5]=[CH:4][N:3]=1.[C:12]([O:16][C:17]([N:19]1[CH2:24][CH2:23][CH:22]([NH2:25])[CH2:21][CH2:20]1)=[O:18])([CH3:15])([CH3:14])[CH3:13]>>[C:12]([O:16][C:17]([N:19]1[CH2:24][CH2:23][CH:22]([NH:25][C:2]2[N:7]=[C:6]([C:8]([F:11])([F:10])[F:9])[CH:5]=[CH:4][N:3]=2)[CH2:21][CH2:20]1)=[O:18])([CH3:15])([CH3:13])[CH3:14],"CN(C)C=O, CCN(CC)CC","Solvent, Reagent","CN(C)C=O, CCN(C(C)C)C(C)C","Solvent, Reagent"
80,2780,[F:1][C:2]1[CH:3]=[C:4]([NH:8][CH2:9][CH2:10][OH:11])[CH:5]=[CH:6][CH:7]=1.[CH3:19][S:20](Cl)(=[O:22])=[O:21]>>[CH3:19][S:20]([O:11][CH2:10][CH2:9][NH:8][C:4]1[CH:5]=[CH:6][CH:7]=[C:2]([F:1])[CH:3]=1)(=[O:22])=[O:21],"ClCCl, CCN(CC)CC, O","Solvent, Reagent, Reagent","ClCCl, CCN(CC)CC","Solvent, Reagent"
81,199329,[CH3:1][O:2][C:3]1[CH:4]=[C:5]([CH:11]=[CH:12][C:13]=1[C:14]([O:16][CH3:17])=[O:15])[CH:6]=[CH:7][C:8]([OH:10])=[O:9]>>[CH3:1][O:2][C:3]1[CH:4]=[C:5]([CH2:6][CH2:7][C:8]([OH:10])=[O:9])[CH:11]=[CH:12][C:13]=1[C:14]([O:16][CH3:17])=[O:15],CC(=O)O,Solvent,"[Pd], CO","Catalyst, Solvent"
82,128002,C[O:2][C:3](=[O:44])[CH:4]([C:7]1[CH:12]=[CH:11][C:10]([NH:13][C:14]([CH:16]2[CH:20]([C:21]3[CH:26]=[CH:25][CH:24]=[C:23]([Cl:27])[C:22]=3[F:28])[C:19]([C:31]3[CH:36]=[CH:35][C:34]([Cl:37])=[CH:33][C:32]=3[F:38])([C:29]#[N:30])[CH:18]([CH2:39][C:40]([CH3:43])([CH3:42])[CH3:41])[NH:17]2)=[O:15])=[CH:9][CH:8]=1)[CH2:5][CH3:6]>>[Cl:27][C:23]1[C:22]([F:28])=[C:21]([CH:20]2[C:19]([C:31]3[CH:36]=[CH:35][C:34]([Cl:37])=[CH:33][C:32]=3[F:38])([C:29]#[N:30])[CH:18]([CH2:39][C:40]([CH3:43])([CH3:42])[CH3:41])[NH:17][CH:16]2[C:14]([NH:13][C:10]2[CH:9]=[CH:8][C:7]([CH:4]([CH2:5][CH3:6])[C:3]([OH:44])=[O:2])=[CH:12][CH:11]=2)=[O:15])[CH:26]=[CH:25][CH:24]=1,"CO, C1CCOC1, [Li+].[OH-]","Solvent, Solvent, Reagent","CO, C1CCOC1, [Na+].[OH-]","Solvent, Solvent, Reagent"
83,284382,C([O:3][C:4](=[O:29])[CH:5]([NH:13][C:14](=[O:28])[C:15]1[CH:20]=[CH:19][C:18]([NH:21][C:22]2[N:27]=[CH:26][CH:25]=[CH:24][N:23]=2)=[CH:17][CH:16]=1)[CH2:6][CH2:7][C:8]([O:10]CC)=[O:9])C>>[N:23]1[CH:24]=[CH:25][CH:26]=[N:27][C:22]=1[NH:21][C:18]1[CH:17]=[CH:16][C:15]([C:14]([NH:13][CH:5]([C:4]([OH:29])=[O:3])[CH2:6][CH2:7][C:8]([OH:10])=[O:9])=[O:28])=[CH:20][CH:19]=1,"C1CCOC1, [Na+].[OH-], CO","Solvent, Reagent, Reagent","CCO, [Na+].[OH-]","Solvent, Reagent"
84,511535,[Cl:1][C:2]1[CH:7]=[CH:6][CH:5]=[CH:4][C:3]=1[N:8]1[C:12]([S:13][C:14]2[CH:19]=[CH:18][CH:17]=[C:16]([O:20][CH3:21])[N:15]=2)=[CH:11][C:10]([C:22](OCC)=[O:23])=[N:9]1>>[Cl:1][C:2]1[CH:7]=[CH:6][CH:5]=[CH:4][C:3]=1[N:8]1[C:12]([S:13][C:14]2[CH:19]=[CH:18][CH:17]=[C:16]([O:20][CH3:21])[N:15]=2)=[CH:11][C:10]([CH:22]=[O:23])=[N:9]1,"C1CCOC1, Cc1ccccc1, [Na+].[OH-]","Solvent, Solvent, Reagent","C1CCOC1, [Na+].[OH-]","Solvent, Reagent"
85,328532,[NH2:1][C:2]1[CH:3]=[N:4][N:5]2[C:14]=1[C:13]1[CH:12]=[CH:11][CH:10]=[CH:9][C:8]=1[N:7]=[C:6]2[CH3:15].[C:16](OC(=O)C)(=[O:18])[CH3:17]>>[NH:1]([C:2]1[CH:3]=[N:4][N:5]2[C:14]=1[C:13]1[CH:12]=[CH:11][CH:10]=[CH:9][C:8]=1[N:7]=[C:6]2[CH3:15])[C:16]([CH3:17])=[O:18],None,,c1ccncc1,Solvent
86,339743,[CH3:3][O:4][C:5]1[CH:10]=[CH:9][C:8]([N:11]2[CH2:16][CH2:15][N:14]([CH2:17][C:18]3[C:26]4[C:21](=[N:22][CH:23]=[CH:24][CH:25]=4)[NH:20][CH:19]=3)[CH2:13][CH2:12]2)=[CH:7][CH:6]=1.[CH3:27]I>>[CH3:3][O:4][C:5]1[CH:6]=[CH:7][C:8]([N:11]2[CH2:16][CH2:15][N:14]([CH2:17][C:18]3[C:26]4[C:21](=[N:22][CH:23]=[CH:24][CH:25]=4)[N:20]([CH3:27])[CH:19]=3)[CH2:13][CH2:12]2)=[CH:9][CH:10]=1,"CN(C)C=O, [H-].[Na+], O","Solvent, Reagent, Reagent","CN(C)C=O, [H-].[Na+]","Solvent, Reagent"
87,212674,[CH3:10][O:11][CH2:12]Cl.[Cl:14][C:15]1[CH:20]=[C:19]([CH2:21][C:22]([O:24][CH3:25])=[O:23])[CH:18]=[CH:17][C:16]=1[C:26]1[CH:31]=[CH:30][C:29]([OH:32])=[CH:28][CH:27]=1>>[Cl:14][C:15]1[CH:20]=[C:19]([CH2:21][C:22]([O:24][CH3:25])=[O:23])[CH:18]=[CH:17][C:16]=1[C:26]1[CH:31]=[CH:30][C:29]([O:32][CH2:12][O:11][CH3:10])=[CH:28][CH:27]=1,"ClCCl, CCN(C(C)C)C(C)C, O","Solvent, Reagent, Reagent","ClCCl, CCN(C(C)C)C(C)C","Solvent, Reagent"
88,335366,[Br:1]N1C(=O)CCC1=O.[Br:9][C:10]1[N:11]=[C:12]([Br:19])[C:13]2[N:14]([CH:16]=[CH:17][N:18]=2)[CH:15]=1>>[Br:1][C:16]1[N:14]2[CH:15]=[C:10]([Br:9])[N:11]=[C:12]([Br:19])[C:13]2=[N:18][CH:17]=1,ClCCl,Solvent,ClC(Cl)Cl,Solvent
89,220103,[C:1]([NH:4][CH:5]1[CH2:10][CH2:9][N:8](C(OC)=O)[CH:7]([CH2:15][C:16]2[CH:21]=[CH:20][C:19]([Cl:22])=[CH:18][CH:17]=2)[CH2:6]1)(=[O:3])[CH3:2]>>[Cl:22][C:19]1[CH:18]=[CH:17][C:16]([CH2:15][CH:7]2[CH2:6][CH:5]([NH:4][C:1](=[O:3])[CH3:2])[CH2:10][CH2:9][NH:8]2)=[CH:21][CH:20]=1,"CC(=O)O, Br, O","Solvent, Reagent, Reagent",Br,Reagent
90,153395,C[O:2][C:3](=[O:37])[C:4]1[CH:9]=[CH:8][CH:7]=[C:6]([CH2:10][N:11]([C:17]2[CH:22]=[CH:21][N:20]=[C:19]([C:23]3[CH:28]=[CH:27][C:26]([O:29][CH2:30][CH:31]4[CH2:36][CH2:35][CH2:34][CH2:33][CH2:32]4)=[CH:25][CH:24]=3)[N:18]=2)[CH:12]2[CH2:16][CH2:15][CH2:14][CH2:13]2)[CH:5]=1>>[CH:31]1([CH2:30][O:29][C:26]2[CH:25]=[CH:24][C:23]([C:19]3[N:18]=[C:17]([N:11]([CH2:10][C:6]4[CH:5]=[C:4]([CH:9]=[CH:8][CH:7]=4)[C:3]([OH:37])=[O:2])[CH:12]4[CH2:13][CH2:14][CH2:15][CH2:16]4)[CH:22]=[CH:21][N:20]=3)=[CH:28][CH:27]=2)[CH2:36][CH2:35][CH2:34][CH2:33][CH2:32]1,Cl,Reagent,"CO, [Na+].[OH-]","Solvent, Reagent"
91,110407,[SH:1][C:2]1[CH:7]=[CH:6][C:5]([B:8]([OH:10])[OH:9])=[CH:4][CH:3]=1.Br[CH2:18][CH2:19][O:20][CH3:21]>>[CH3:21][O:20][CH2:19][CH2:18][S:1][C:2]1[CH:7]=[CH:6][C:5]([B:8]([OH:10])[OH:9])=[CH:4][CH:3]=1,O=C([O-])[O-].[K+].[K+],Reagent,"CN(C)C=O, O=C([O-])[O-].[K+].[K+]","Solvent, Reagent"
92,119901,[NH2:9][CH:10]([CH2:14][C:15]([F:18])([F:17])[F:16])[C:11](O)=[O:12]>>[NH2:9][CH:10]([CH2:14][C:15]([F:18])([F:17])[F:16])[CH2:11][OH:12],"C1CCOC1, CO, [BH4-].[Li+], C[Si](C)(C)Cl","Solvent, Reagent, Reagent, Reagent","C1CCOC1, [BH4-].[Li+], C[Si](C)(C)Cl","Solvent, Reagent, Reagent"
93,203862,[Br:1][C:2]1[CH:3]=[C:4]([N:12]2[CH2:16][CH2:15][CH2:14][CH:13]2[CH3:17])[C:5]([CH3:11])=[C:6]([CH:10]=1)[C:7]([OH:9])=O.[NH2:19][CH2:20][C:21]1[C:22](=[O:29])[NH:23][C:24]([CH3:28])=[CH:25][C:26]=1[CH3:27]>>[Br:1][C:2]1[CH:3]=[C:4]([N:12]2[CH2:16][CH2:15][CH2:14][CH:13]2[CH3:17])[C:5]([CH3:11])=[C:6]([CH:10]=1)[C:7]([NH:19][CH2:20][C:21]1[C:22](=[O:29])[NH:23][C:24]([CH3:28])=[CH:25][C:26]=1[CH3:27])=[O:9],"ClCCl, CO, ClCCCl, CN1CCOCC1, On1nnc2cccnc21","Solvent, Solvent, Reagent, Reagent, Reagent","CN(C)C=O, ClCCCl, CN1CCOCC1, On1nnc2cccnc21","Solvent, Reagent, Reagent, Reagent"
94,165883,[OH:1][CH:2]([CH3:21])[CH2:3][CH:4]([CH3:20])[O:5][C:6]1[CH:11]=[CH:10][C:9]([C:12]2[CH:19]=[CH:18][C:15]([C:16]#[N:17])=[CH:14][CH:13]=2)=[CH:8][CH:7]=1.[C:22](OC(=O)C)(=[O:24])[CH3:23]>>[C:22]([O:1][CH:2]([CH3:21])[CH2:3][CH:4]([CH3:20])[O:5][C:6]1[CH:11]=[CH:10][C:9]([C:12]2[CH:19]=[CH:18][C:15]([C:16]#[N:17])=[CH:14][CH:13]=2)=[CH:8][CH:7]=1)(=[O:24])[CH3:23],"c1ccncc1, Cl","Solvent, Reagent",c1ccncc1,Solvent
95,93438,[CH2:1]([O:3][C:4]([C:6]1([CH2:18][CH2:19][CH2:20][N:21]=[N+]=[N-])[CH2:11][CH2:10][CH2:9][CH2:8][CH:7]1[C:12]1[CH:17]=[CH:16][CH:15]=[CH:14][CH:13]=1)=[O:5])[CH3:2]>>[CH2:1]([O:3][C:4]([C:6]1([CH2:18][CH2:19][CH2:20][NH2:21])[CH2:11][CH2:10][CH2:9][CH2:8][CH:7]1[C:12]1[CH:17]=[CH:16][CH:15]=[CH:14][CH:13]=1)=[O:5])[CH3:2],CCO,Solvent,"[Pd], C1CCOC1","Catalyst, Solvent"
96,52909,[Cl:1][CH2:2][C:3](Cl)=[O:4].[NH2:6][CH2:7][C:8]1([OH:25])[CH2:11][N:10]([CH:12]([C:19]2[CH:24]=[CH:23][CH:22]=[CH:21][CH:20]=2)[C:13]2[CH:18]=[CH:17][CH:16]=[CH:15][CH:14]=2)[CH2:9]1>>[CH:12]([N:10]1[CH2:9][C:8]([CH2:7][NH:6][C:3](=[O:4])[CH2:2][Cl:1])([OH:25])[CH2:11]1)([C:19]1[CH:24]=[CH:23][CH:22]=[CH:21][CH:20]=1)[C:13]1[CH:18]=[CH:17][CH:16]=[CH:15][CH:14]=1,"O, CCOC(C)=O, O=C([O-])[O-].[K+].[K+]","Solvent, Solvent, Reagent","ClCCl, O=C([O-])[O-].[K+].[K+]","Solvent, Reagent"
97,23577,[F:1][C:2]1[CH:12]=[C:11]([C:13]2[CH:14]=[N:15][C:16]([O:19][CH2:20][CH:21]3[CH2:26][CH2:25][N:24]([CH2:27][C:28]4([C:32]([F:35])([F:34])[F:33])[CH2:31][CH2:30][CH2:29]4)[CH2:23][CH2:22]3)=[N:17][CH:18]=2)[CH:10]=[CH:9][C:3]=1[C:4]([O:6]CC)=[O:5]>>[F:1][C:2]1[CH:12]=[C:11]([C:13]2[CH:14]=[N:15][C:16]([O:19][CH2:20][CH:21]3[CH2:22][CH2:23][N:24]([CH2:27][C:28]4([C:32]([F:34])([F:35])[F:33])[CH2:31][CH2:30][CH2:29]4)[CH2:25][CH2:26]3)=[N:17][CH:18]=2)[CH:10]=[CH:9][C:3]=1[C:4]([OH:6])=[O:5],C1CCOC1,Solvent,O,Solvent
98,211150,[CH2:1]([O:8][C:9]1[CH:10]=[C:11]([CH:13]=[CH:14][CH:15]=1)[NH2:12])[C:2]1[CH:7]=[CH:6][CH:5]=[CH:4][CH:3]=1.[N:16]#[C:17][NH2:18]>>[CH2:1]([O:8][C:9]1[CH:10]=[C:11]([NH:12][C:17]([NH2:18])=[NH:16])[CH:13]=[CH:14][CH:15]=1)[C:2]1[CH:3]=[CH:4][CH:5]=[CH:6][CH:7]=1,"C1COCCO1, Cl","Solvent, Solvent","CCO, Cl","Solvent, Reagent"
99,322321,[NH2:2][CH:3]([C:9]1[CH:14]=[CH:13][C:12]([O:15][CH3:16])=[C:11]([O:17][CH3:18])[CH:10]=1)[CH2:4][C:5]([O:7][CH3:8])=[O:6].C(N1[C:34](=[O:35])[C:33]2=[CH:36][CH:37]=[CH:38][CH:39]=[C:32]2[C:31]1=[O:40])(OCC)=O>>[C:31]1(=[O:40])[N:2]([CH:3]([C:9]2[CH:14]=[CH:13][C:12]([O:15][CH3:16])=[C:11]([O:17][CH3:18])[CH:10]=2)[CH2:4][C:5]([O:7][CH3:8])=[O:6])[C:34](=[O:35])[C:33]2=[CH:36][CH:37]=[CH:38][CH:39]=[C:32]12,"O=C([O-])[O-].[Na+].[Na+], CCOCC","Reagent, Reagent","O, CC#N, O=C([O-])[O-].[Na+].[Na+]","Solvent, Solvent, Reagent"
